"HITId","HITTypeId","Title","Description","Keywords","Reward","CreationTime","MaxAssignments","RequesterAnnotation","AssignmentDurationInSeconds","AutoApprovalDelayInSeconds","Expiration","NumberOfSimilarHITs","LifetimeInSeconds","AssignmentId","WorkerId","AssignmentStatus","AcceptTime","SubmitTime","AutoApprovalTime","ApprovalTime","RejectionTime","RequesterFeedback","WorkTimeInSeconds","LifetimeApprovalRate","Last30DaysApprovalRate","Last7DaysApprovalRate","Input.question_0","Input.imageurl_0","Input.question_1","Input.imageurl_1","Input.question_2","Input.imageurl_2","Input.question_3","Input.imageurl_3","Input.question_4","Input.imageurl_4","Input.question_5","Input.imageurl_5","Input.question_6","Input.imageurl_6","Input.question_7","Input.imageurl_7","Answer.comments","Answer.range1g","Answer.range2g","Answer.range3g","Answer.range4g","Answer.range5g","Answer.range6g","Answer.range7g","Answer.range8g","Approve","Reject"
"3OWZNK3RYLUNCG6QJVZC3S8S7MK2US","3H6GKE28516JOQZR4JQ9E64WV051EA","Answer questions about images","You will be presented with images and yes/no questions about the images, which you will answer by sliding a bar","images, questions, language","$0.13","Tue Sep 08 07:17:48 PDT 2020","10","BatchId:4177773;OriginalHitTemplateId:928390828;","3600","259200","Tue Sep 15 07:17:48 PDT 2020","","","30X31N5D64VYPQ7KX72SJS4K6TPASV","A12TSLY8GXWHB4","Submitted","Tue Sep 08 08:19:30 PDT 2020","Tue Sep 08 08:20:30 PDT 2020","Fri Sep 11 08:20:30 PDT 2020","","","","60","100% (29/29)","100% (29/29)","100% (28/28)","Is the sky cloudy?","http://ugrad.cs.jhu.edu/~jgualla1/images/2380137.jpg","Is the sky cloudy?","http://ugrad.cs.jhu.edu/~jgualla1/images/2354114.jpg","Is the sky cloudy?","http://ugrad.cs.jhu.edu/~jgualla1/images/1592228.jpg","Is the sky cloudy?","http://ugrad.cs.jhu.edu/~jgualla1/images/2379072.jpg","Is the sky cloudy?","http://ugrad.cs.jhu.edu/~jgualla1/images/2354877.jpg","Is the sky cloudy?","http://ugrad.cs.jhu.edu/~jgualla1/images/2404086.jpg","Does that sky look cloudy?","http://ugrad.cs.jhu.edu/~jgualla1/images/2381481.jpg","Is the sky cloudy?","http://ugrad.cs.jhu.edu/~jgualla1/images/2338855.jpg","NONE","84","89","81","80","57","80","26","87"
"3OWZNK3RYLUNCG6QJVZC3S8S7MK2US","3H6GKE28516JOQZR4JQ9E64WV051EA","Answer questions about images","You will be presented with images and yes/no questions about the images, which you will answer by sliding a bar","images, questions, language","$0.13","Tue Sep 08 07:17:48 PDT 2020","10","BatchId:4177773;OriginalHitTemplateId:928390828;","3600","259200","Tue Sep 15 07:17:48 PDT 2020","","","34HJIJKLP61ZFT87I1X6HC2RDNI4VE","A2JQPSIVUCW92T","Submitted","Tue Sep 08 07:31:24 PDT 2020","Tue Sep 08 07:45:45 PDT 2020","Fri Sep 11 07:45:45 PDT 2020","","","","861","100% (6/6)","100% (1/1)","0% (0/0)","Is the sky cloudy?","http://ugrad.cs.jhu.edu/~jgualla1/images/2380137.jpg","Is the sky cloudy?","http://ugrad.cs.jhu.edu/~jgualla1/images/2354114.jpg","Is the sky cloudy?","http://ugrad.cs.jhu.edu/~jgualla1/images/1592228.jpg","Is the sky cloudy?","http://ugrad.cs.jhu.edu/~jgualla1/images/2379072.jpg","Is the sky cloudy?","http://ugrad.cs.jhu.edu/~jgualla1/images/2354877.jpg","Is the sky cloudy?","http://ugrad.cs.jhu.edu/~jgualla1/images/2404086.jpg","Does that sky look cloudy?","http://ugrad.cs.jhu.edu/~jgualla1/images/2381481.jpg","Is the sky cloudy?","http://ugrad.cs.jhu.edu/~jgualla1/images/2338855.jpg","I do find this enjoyable to do.  Also it would be nice if some picture examples are given.","14","82","50","80","16","94","62","100"
"3OWZNK3RYLUNCG6QJVZC3S8S7MK2US","3H6GKE28516JOQZR4JQ9E64WV051EA","Answer questions about images","You will be presented with images and yes/no questions about the images, which you will answer by sliding a bar","images, questions, language","$0.13","Tue Sep 08 07:17:48 PDT 2020","10","BatchId:4177773;OriginalHitTemplateId:928390828;","3600","259200","Tue Sep 15 07:17:48 PDT 2020","","","3HVVDCPGTFX008I22DLYWJIDB3ZYTB","ACKG8OU1KHKO2","Submitted","Tue Sep 08 08:14:03 PDT 2020","Tue Sep 08 08:21:50 PDT 2020","Fri Sep 11 08:21:50 PDT 2020","","","","467","100% (11/11)","100% (10/10)","100% (9/9)","Is the sky cloudy?","http://ugrad.cs.jhu.edu/~jgualla1/images/2380137.jpg","Is the sky cloudy?","http://ugrad.cs.jhu.edu/~jgualla1/images/2354114.jpg","Is the sky cloudy?","http://ugrad.cs.jhu.edu/~jgualla1/images/1592228.jpg","Is the sky cloudy?","http://ugrad.cs.jhu.edu/~jgualla1/images/2379072.jpg","Is the sky cloudy?","http://ugrad.cs.jhu.edu/~jgualla1/images/2354877.jpg","Is the sky cloudy?","http://ugrad.cs.jhu.edu/~jgualla1/images/2404086.jpg","Does that sky look cloudy?","http://ugrad.cs.jhu.edu/~jgualla1/images/2381481.jpg","Is the sky cloudy?","http://ugrad.cs.jhu.edu/~jgualla1/images/2338855.jpg","It was interesting.","73","100","0","100","77","100","93","100"
"3OWZNK3RYLUNCG6QJVZC3S8S7MK2US","3H6GKE28516JOQZR4JQ9E64WV051EA","Answer questions about images","You will be presented with images and yes/no questions about the images, which you will answer by sliding a bar","images, questions, language","$0.13","Tue Sep 08 07:17:48 PDT 2020","10","BatchId:4177773;OriginalHitTemplateId:928390828;","3600","259200","Tue Sep 15 07:17:48 PDT 2020","","","3LKC68YZ3B8GYBIURVHBHCRA1NIOWG","A18T7E73TNGOKP","Submitted","Tue Sep 08 08:18:47 PDT 2020","Tue Sep 08 09:16:48 PDT 2020","Fri Sep 11 09:16:48 PDT 2020","","","","3481","100% (315/315)","100% (24/24)","100% (23/23)","Is the sky cloudy?","http://ugrad.cs.jhu.edu/~jgualla1/images/2380137.jpg","Is the sky cloudy?","http://ugrad.cs.jhu.edu/~jgualla1/images/2354114.jpg","Is the sky cloudy?","http://ugrad.cs.jhu.edu/~jgualla1/images/1592228.jpg","Is the sky cloudy?","http://ugrad.cs.jhu.edu/~jgualla1/images/2379072.jpg","Is the sky cloudy?","http://ugrad.cs.jhu.edu/~jgualla1/images/2354877.jpg","Is the sky cloudy?","http://ugrad.cs.jhu.edu/~jgualla1/images/2404086.jpg","Does that sky look cloudy?","http://ugrad.cs.jhu.edu/~jgualla1/images/2381481.jpg","Is the sky cloudy?","http://ugrad.cs.jhu.edu/~jgualla1/images/2338855.jpg","None","50","75","29","72","37","83","16","69"
"3OWZNK3RYLUNCG6QJVZC3S8S7MK2US","3H6GKE28516JOQZR4JQ9E64WV051EA","Answer questions about images","You will be presented with images and yes/no questions about the images, which you will answer by sliding a bar","images, questions, language","$0.13","Tue Sep 08 07:17:48 PDT 2020","10","BatchId:4177773;OriginalHitTemplateId:928390828;","3600","259200","Tue Sep 15 07:17:48 PDT 2020","","","3N2BF7Y2VRZA1I2TJGGYO5SIRZQHMU","AKMIORNF40ST7","Submitted","Tue Sep 08 07:18:16 PDT 2020","Tue Sep 08 07:19:03 PDT 2020","Fri Sep 11 07:19:03 PDT 2020","","","","47","100% (264/264)","0% (0/0)","0% (0/0)","Is the sky cloudy?","http://ugrad.cs.jhu.edu/~jgualla1/images/2380137.jpg","Is the sky cloudy?","http://ugrad.cs.jhu.edu/~jgualla1/images/2354114.jpg","Is the sky cloudy?","http://ugrad.cs.jhu.edu/~jgualla1/images/1592228.jpg","Is the sky cloudy?","http://ugrad.cs.jhu.edu/~jgualla1/images/2379072.jpg","Is the sky cloudy?","http://ugrad.cs.jhu.edu/~jgualla1/images/2354877.jpg","Is the sky cloudy?","http://ugrad.cs.jhu.edu/~jgualla1/images/2404086.jpg","Does that sky look cloudy?","http://ugrad.cs.jhu.edu/~jgualla1/images/2381481.jpg","Is the sky cloudy?","http://ugrad.cs.jhu.edu/~jgualla1/images/2338855.jpg","thank you","100","0","0","100","0","0","0","0"
"3OWZNK3RYLUNCG6QJVZC3S8S7MK2US","3H6GKE28516JOQZR4JQ9E64WV051EA","Answer questions about images","You will be presented with images and yes/no questions about the images, which you will answer by sliding a bar","images, questions, language","$0.13","Tue Sep 08 07:17:48 PDT 2020","10","BatchId:4177773;OriginalHitTemplateId:928390828;","3600","259200","Tue Sep 15 07:17:48 PDT 2020","","","3OUYGIZWR835BLTADO15ZHNWANZP0W","A13GUTDMGGZZDL","Submitted","Tue Sep 08 07:19:02 PDT 2020","Tue Sep 08 07:33:39 PDT 2020","Fri Sep 11 07:33:39 PDT 2020","","","","877","100% (59/59)","0% (0/0)","0% (0/0)","Is the sky cloudy?","http://ugrad.cs.jhu.edu/~jgualla1/images/2380137.jpg","Is the sky cloudy?","http://ugrad.cs.jhu.edu/~jgualla1/images/2354114.jpg","Is the sky cloudy?","http://ugrad.cs.jhu.edu/~jgualla1/images/1592228.jpg","Is the sky cloudy?","http://ugrad.cs.jhu.edu/~jgualla1/images/2379072.jpg","Is the sky cloudy?","http://ugrad.cs.jhu.edu/~jgualla1/images/2354877.jpg","Is the sky cloudy?","http://ugrad.cs.jhu.edu/~jgualla1/images/2404086.jpg","Does that sky look cloudy?","http://ugrad.cs.jhu.edu/~jgualla1/images/2381481.jpg","Is the sky cloudy?","http://ugrad.cs.jhu.edu/~jgualla1/images/2338855.jpg","none","100","78","99","88","8","84","20","63"
"3OWZNK3RYLUNCG6QJVZC3S8S7MK2US","3H6GKE28516JOQZR4JQ9E64WV051EA","Answer questions about images","You will be presented with images and yes/no questions about the images, which you will answer by sliding a bar","images, questions, language","$0.13","Tue Sep 08 07:17:48 PDT 2020","10","BatchId:4177773;OriginalHitTemplateId:928390828;","3600","259200","Tue Sep 15 07:17:48 PDT 2020","","","3TMSXRD2X75V2JBTLTJ05GE28C8W11","A34NDXO56MBC3D","Submitted","Tue Sep 08 07:18:09 PDT 2020","Tue Sep 08 07:19:40 PDT 2020","Fri Sep 11 07:19:40 PDT 2020","","","","91","100% (24/24)","100% (22/22)","100% (21/21)","Is the sky cloudy?","http://ugrad.cs.jhu.edu/~jgualla1/images/2380137.jpg","Is the sky cloudy?","http://ugrad.cs.jhu.edu/~jgualla1/images/2354114.jpg","Is the sky cloudy?","http://ugrad.cs.jhu.edu/~jgualla1/images/1592228.jpg","Is the sky cloudy?","http://ugrad.cs.jhu.edu/~jgualla1/images/2379072.jpg","Is the sky cloudy?","http://ugrad.cs.jhu.edu/~jgualla1/images/2354877.jpg","Is the sky cloudy?","http://ugrad.cs.jhu.edu/~jgualla1/images/2404086.jpg","Does that sky look cloudy?","http://ugrad.cs.jhu.edu/~jgualla1/images/2381481.jpg","Is the sky cloudy?","http://ugrad.cs.jhu.edu/~jgualla1/images/2338855.jpg","interesting","100","72","64","47","16","77","75","30"
"3OWZNK3RYLUNCG6QJVZC3S8S7MK2US","3H6GKE28516JOQZR4JQ9E64WV051EA","Answer questions about images","You will be presented with images and yes/no questions about the images, which you will answer by sliding a bar","images, questions, language","$0.13","Tue Sep 08 07:17:48 PDT 2020","10","BatchId:4177773;OriginalHitTemplateId:928390828;","3600","259200","Tue Sep 15 07:17:48 PDT 2020","","","3WS1NTTKEZHTK84GZL50NN9S8HCF0J","A2NHFSO7GMM8QR","Submitted","Tue Sep 08 07:18:10 PDT 2020","Tue Sep 08 07:20:21 PDT 2020","Fri Sep 11 07:20:21 PDT 2020","","","","131","0% (0/0)","0% (0/0)","0% (0/0)","Is the sky cloudy?","http://ugrad.cs.jhu.edu/~jgualla1/images/2380137.jpg","Is the sky cloudy?","http://ugrad.cs.jhu.edu/~jgualla1/images/2354114.jpg","Is the sky cloudy?","http://ugrad.cs.jhu.edu/~jgualla1/images/1592228.jpg","Is the sky cloudy?","http://ugrad.cs.jhu.edu/~jgualla1/images/2379072.jpg","Is the sky cloudy?","http://ugrad.cs.jhu.edu/~jgualla1/images/2354877.jpg","Is the sky cloudy?","http://ugrad.cs.jhu.edu/~jgualla1/images/2404086.jpg","Does that sky look cloudy?","http://ugrad.cs.jhu.edu/~jgualla1/images/2381481.jpg","Is the sky cloudy?","http://ugrad.cs.jhu.edu/~jgualla1/images/2338855.jpg","good study","92","49","0","100","52","87","0","88"
"3OWZNK3RYLUNCG6QJVZC3S8S7MK2US","3H6GKE28516JOQZR4JQ9E64WV051EA","Answer questions about images","You will be presented with images and yes/no questions about the images, which you will answer by sliding a bar","images, questions, language","$0.13","Tue Sep 08 07:17:48 PDT 2020","10","BatchId:4177773;OriginalHitTemplateId:928390828;","3600","259200","Tue Sep 15 07:17:48 PDT 2020","","","3Z2R0DQ0JIJ8A47YJXP8OTH7TET2EK","A2I6ZALE49CVSC","Submitted","Tue Sep 08 08:58:14 PDT 2020","Tue Sep 08 09:22:02 PDT 2020","Fri Sep 11 09:22:02 PDT 2020","","","","1428","100% (1/1)","0% (0/0)","0% (0/0)","Is the sky cloudy?","http://ugrad.cs.jhu.edu/~jgualla1/images/2380137.jpg","Is the sky cloudy?","http://ugrad.cs.jhu.edu/~jgualla1/images/2354114.jpg","Is the sky cloudy?","http://ugrad.cs.jhu.edu/~jgualla1/images/1592228.jpg","Is the sky cloudy?","http://ugrad.cs.jhu.edu/~jgualla1/images/2379072.jpg","Is the sky cloudy?","http://ugrad.cs.jhu.edu/~jgualla1/images/2354877.jpg","Is the sky cloudy?","http://ugrad.cs.jhu.edu/~jgualla1/images/2404086.jpg","Does that sky look cloudy?","http://ugrad.cs.jhu.edu/~jgualla1/images/2381481.jpg","Is the sky cloudy?","http://ugrad.cs.jhu.edu/~jgualla1/images/2338855.jpg","none","100","98","77","97","77","96","33","90"
"3OWZNK3RYLUNCG6QJVZC3S8S7MK2US","3H6GKE28516JOQZR4JQ9E64WV051EA","Answer questions about images","You will be presented with images and yes/no questions about the images, which you will answer by sliding a bar","images, questions, language","$0.13","Tue Sep 08 07:17:48 PDT 2020","10","BatchId:4177773;OriginalHitTemplateId:928390828;","3600","259200","Tue Sep 15 07:17:48 PDT 2020","","","3Z4AIRP3C7IARJGJVYFM7ZS9HEF1X0","ANDWELA6LYQM9","Submitted","Tue Sep 08 07:20:07 PDT 2020","Tue Sep 08 07:24:37 PDT 2020","Fri Sep 11 07:24:37 PDT 2020","","","","270","0% (0/0)","0% (0/0)","0% (0/0)","Is the sky cloudy?","http://ugrad.cs.jhu.edu/~jgualla1/images/2380137.jpg","Is the sky cloudy?","http://ugrad.cs.jhu.edu/~jgualla1/images/2354114.jpg","Is the sky cloudy?","http://ugrad.cs.jhu.edu/~jgualla1/images/1592228.jpg","Is the sky cloudy?","http://ugrad.cs.jhu.edu/~jgualla1/images/2379072.jpg","Is the sky cloudy?","http://ugrad.cs.jhu.edu/~jgualla1/images/2354877.jpg","Is the sky cloudy?","http://ugrad.cs.jhu.edu/~jgualla1/images/2404086.jpg","Does that sky look cloudy?","http://ugrad.cs.jhu.edu/~jgualla1/images/2381481.jpg","Is the sky cloudy?","http://ugrad.cs.jhu.edu/~jgualla1/images/2338855.jpg","good job","100","16","8","100","0","99","2","100"
"3G57RS03HHA6R1GBIUR4VGGC85R52D","3H6GKE28516JOQZR4JQ9E64WV051EA","Answer questions about images","You will be presented with images and yes/no questions about the images, which you will answer by sliding a bar","images, questions, language","$0.13","Tue Sep 08 07:17:48 PDT 2020","10","BatchId:4177773;OriginalHitTemplateId:928390828;","3600","259200","Tue Sep 15 07:17:48 PDT 2020","","","31Q0U3WYDQKGC4ASDLBOD0FLFL071B","A13GUTDMGGZZDL","Submitted","Tue Sep 08 07:20:07 PDT 2020","Tue Sep 08 07:42:34 PDT 2020","Fri Sep 11 07:42:34 PDT 2020","","","","1347","100% (59/59)","0% (0/0)","0% (0/0)","Is the sky cloudy?","http://ugrad.cs.jhu.edu/~jgualla1/images/2339353.jpg","Does the sky look cloudy?","http://ugrad.cs.jhu.edu/~jgualla1/images/2375157.jpg","Is the weather cloudy in this picture?","http://ugrad.cs.jhu.edu/~jgualla1/images/2391685.jpg","Is the weather cloudy?","http://ugrad.cs.jhu.edu/~jgualla1/images/3207.jpg","Does the sky look cloudy?","http://ugrad.cs.jhu.edu/~jgualla1/images/2395326.jpg","Is it cloudy?","http://ugrad.cs.jhu.edu/~jgualla1/images/2379118.jpg","Is it cloudy?","http://ugrad.cs.jhu.edu/~jgualla1/images/2358867.jpg","Is the weather cloudy?","http://ugrad.cs.jhu.edu/~jgualla1/images/2391757.jpg","na","25","76","67","76","99","98","100","100"
"3G57RS03HHA6R1GBIUR4VGGC85R52D","3H6GKE28516JOQZR4JQ9E64WV051EA","Answer questions about images","You will be presented with images and yes/no questions about the images, which you will answer by sliding a bar","images, questions, language","$0.13","Tue Sep 08 07:17:48 PDT 2020","10","BatchId:4177773;OriginalHitTemplateId:928390828;","3600","259200","Tue Sep 15 07:17:48 PDT 2020","","","32AT8R96GMEI4ZLI3CJJJTGEDWDSUL","A12TSLY8GXWHB4","Submitted","Tue Sep 08 07:50:19 PDT 2020","Tue Sep 08 07:51:07 PDT 2020","Fri Sep 11 07:51:07 PDT 2020","","","","48","100% (29/29)","100% (29/29)","100% (28/28)","Is the sky cloudy?","http://ugrad.cs.jhu.edu/~jgualla1/images/2339353.jpg","Does the sky look cloudy?","http://ugrad.cs.jhu.edu/~jgualla1/images/2375157.jpg","Is the weather cloudy in this picture?","http://ugrad.cs.jhu.edu/~jgualla1/images/2391685.jpg","Is the weather cloudy?","http://ugrad.cs.jhu.edu/~jgualla1/images/3207.jpg","Does the sky look cloudy?","http://ugrad.cs.jhu.edu/~jgualla1/images/2395326.jpg","Is it cloudy?","http://ugrad.cs.jhu.edu/~jgualla1/images/2379118.jpg","Is it cloudy?","http://ugrad.cs.jhu.edu/~jgualla1/images/2358867.jpg","Is the weather cloudy?","http://ugrad.cs.jhu.edu/~jgualla1/images/2391757.jpg","NONE","12","65","28","67","31","77","89","74"
"3G57RS03HHA6R1GBIUR4VGGC85R52D","3H6GKE28516JOQZR4JQ9E64WV051EA","Answer questions about images","You will be presented with images and yes/no questions about the images, which you will answer by sliding a bar","images, questions, language","$0.13","Tue Sep 08 07:17:48 PDT 2020","10","BatchId:4177773;OriginalHitTemplateId:928390828;","3600","259200","Tue Sep 15 07:17:48 PDT 2020","","","34BBWHLWHBG62P7RT046XFVOPEMIWI","A1PKCBFB4QY19G","Submitted","Tue Sep 08 07:46:25 PDT 2020","Tue Sep 08 07:47:28 PDT 2020","Fri Sep 11 07:47:28 PDT 2020","","","","63","100% (5/5)","0% (0/0)","0% (0/0)","Is the sky cloudy?","http://ugrad.cs.jhu.edu/~jgualla1/images/2339353.jpg","Does the sky look cloudy?","http://ugrad.cs.jhu.edu/~jgualla1/images/2375157.jpg","Is the weather cloudy in this picture?","http://ugrad.cs.jhu.edu/~jgualla1/images/2391685.jpg","Is the weather cloudy?","http://ugrad.cs.jhu.edu/~jgualla1/images/3207.jpg","Does the sky look cloudy?","http://ugrad.cs.jhu.edu/~jgualla1/images/2395326.jpg","Is it cloudy?","http://ugrad.cs.jhu.edu/~jgualla1/images/2379118.jpg","Is it cloudy?","http://ugrad.cs.jhu.edu/~jgualla1/images/2358867.jpg","Is the weather cloudy?","http://ugrad.cs.jhu.edu/~jgualla1/images/2391757.jpg","none","50","90","59","81","68","100","100","100"
"3G57RS03HHA6R1GBIUR4VGGC85R52D","3H6GKE28516JOQZR4JQ9E64WV051EA","Answer questions about images","You will be presented with images and yes/no questions about the images, which you will answer by sliding a bar","images, questions, language","$0.13","Tue Sep 08 07:17:48 PDT 2020","10","BatchId:4177773;OriginalHitTemplateId:928390828;","3600","259200","Tue Sep 15 07:17:48 PDT 2020","","","35LDD5557B913831P1JV1X8AJGUMK3","AE861G0AY5RGT","Submitted","Tue Sep 08 07:18:20 PDT 2020","Tue Sep 08 07:19:52 PDT 2020","Fri Sep 11 07:19:52 PDT 2020","","","","92","100% (2109/2109)","100% (2/2)","100% (1/1)","Is the sky cloudy?","http://ugrad.cs.jhu.edu/~jgualla1/images/2339353.jpg","Does the sky look cloudy?","http://ugrad.cs.jhu.edu/~jgualla1/images/2375157.jpg","Is the weather cloudy in this picture?","http://ugrad.cs.jhu.edu/~jgualla1/images/2391685.jpg","Is the weather cloudy?","http://ugrad.cs.jhu.edu/~jgualla1/images/3207.jpg","Does the sky look cloudy?","http://ugrad.cs.jhu.edu/~jgualla1/images/2395326.jpg","Is it cloudy?","http://ugrad.cs.jhu.edu/~jgualla1/images/2379118.jpg","Is it cloudy?","http://ugrad.cs.jhu.edu/~jgualla1/images/2358867.jpg","Is the weather cloudy?","http://ugrad.cs.jhu.edu/~jgualla1/images/2391757.jpg","Interesting task","1","0","100","64","100","100","100","100"
"3G57RS03HHA6R1GBIUR4VGGC85R52D","3H6GKE28516JOQZR4JQ9E64WV051EA","Answer questions about images","You will be presented with images and yes/no questions about the images, which you will answer by sliding a bar","images, questions, language","$0.13","Tue Sep 08 07:17:48 PDT 2020","10","BatchId:4177773;OriginalHitTemplateId:928390828;","3600","259200","Tue Sep 15 07:17:48 PDT 2020","","","35USIKEBNSL0MB3CZY4U4TSSNBLN60","A3HFB5KH3IPSJP","Submitted","Tue Sep 08 07:31:26 PDT 2020","Tue Sep 08 08:06:26 PDT 2020","Fri Sep 11 08:06:26 PDT 2020","","","","2100","0% (0/0)","0% (0/0)","0% (0/0)","Is the sky cloudy?","http://ugrad.cs.jhu.edu/~jgualla1/images/2339353.jpg","Does the sky look cloudy?","http://ugrad.cs.jhu.edu/~jgualla1/images/2375157.jpg","Is the weather cloudy in this picture?","http://ugrad.cs.jhu.edu/~jgualla1/images/2391685.jpg","Is the weather cloudy?","http://ugrad.cs.jhu.edu/~jgualla1/images/3207.jpg","Does the sky look cloudy?","http://ugrad.cs.jhu.edu/~jgualla1/images/2395326.jpg","Is it cloudy?","http://ugrad.cs.jhu.edu/~jgualla1/images/2379118.jpg","Is it cloudy?","http://ugrad.cs.jhu.edu/~jgualla1/images/2358867.jpg","Is the weather cloudy?","http://ugrad.cs.jhu.edu/~jgualla1/images/2391757.jpg","GOOD","63","44","58","74","62","55","57","60"
"3G57RS03HHA6R1GBIUR4VGGC85R52D","3H6GKE28516JOQZR4JQ9E64WV051EA","Answer questions about images","You will be presented with images and yes/no questions about the images, which you will answer by sliding a bar","images, questions, language","$0.13","Tue Sep 08 07:17:48 PDT 2020","10","BatchId:4177773;OriginalHitTemplateId:928390828;","3600","259200","Tue Sep 15 07:17:48 PDT 2020","","","374TNBHA8C0N8SQAL9R3RE7QRW0YQX","A36DK84J5YJ942","Submitted","Tue Sep 08 07:18:06 PDT 2020","Tue Sep 08 07:30:53 PDT 2020","Fri Sep 11 07:30:53 PDT 2020","","","","767","0% (0/0)","0% (0/0)","0% (0/0)","Is the sky cloudy?","http://ugrad.cs.jhu.edu/~jgualla1/images/2339353.jpg","Does the sky look cloudy?","http://ugrad.cs.jhu.edu/~jgualla1/images/2375157.jpg","Is the weather cloudy in this picture?","http://ugrad.cs.jhu.edu/~jgualla1/images/2391685.jpg","Is the weather cloudy?","http://ugrad.cs.jhu.edu/~jgualla1/images/3207.jpg","Does the sky look cloudy?","http://ugrad.cs.jhu.edu/~jgualla1/images/2395326.jpg","Is it cloudy?","http://ugrad.cs.jhu.edu/~jgualla1/images/2379118.jpg","Is it cloudy?","http://ugrad.cs.jhu.edu/~jgualla1/images/2358867.jpg","Is the weather cloudy?","http://ugrad.cs.jhu.edu/~jgualla1/images/2391757.jpg",".","2","95","84","84","98","95","87","94"
"3G57RS03HHA6R1GBIUR4VGGC85R52D","3H6GKE28516JOQZR4JQ9E64WV051EA","Answer questions about images","You will be presented with images and yes/no questions about the images, which you will answer by sliding a bar","images, questions, language","$0.13","Tue Sep 08 07:17:48 PDT 2020","10","BatchId:4177773;OriginalHitTemplateId:928390828;","3600","259200","Tue Sep 15 07:17:48 PDT 2020","","","37KGEN7NJ4V8Z2XUU9GVEIO4IVBPP3","A1EP0JITQIOYIQ","Submitted","Tue Sep 08 07:20:07 PDT 2020","Tue Sep 08 07:21:54 PDT 2020","Fri Sep 11 07:21:54 PDT 2020","","","","107","0% (0/0)","0% (0/0)","0% (0/0)","Is the sky cloudy?","http://ugrad.cs.jhu.edu/~jgualla1/images/2339353.jpg","Does the sky look cloudy?","http://ugrad.cs.jhu.edu/~jgualla1/images/2375157.jpg","Is the weather cloudy in this picture?","http://ugrad.cs.jhu.edu/~jgualla1/images/2391685.jpg","Is the weather cloudy?","http://ugrad.cs.jhu.edu/~jgualla1/images/3207.jpg","Does the sky look cloudy?","http://ugrad.cs.jhu.edu/~jgualla1/images/2395326.jpg","Is it cloudy?","http://ugrad.cs.jhu.edu/~jgualla1/images/2379118.jpg","Is it cloudy?","http://ugrad.cs.jhu.edu/~jgualla1/images/2358867.jpg","Is the weather cloudy?","http://ugrad.cs.jhu.edu/~jgualla1/images/2391757.jpg","good one","7","71","41","100","32","87","90","70"
"3G57RS03HHA6R1GBIUR4VGGC85R52D","3H6GKE28516JOQZR4JQ9E64WV051EA","Answer questions about images","You will be presented with images and yes/no questions about the images, which you will answer by sliding a bar","images, questions, language","$0.13","Tue Sep 08 07:17:48 PDT 2020","10","BatchId:4177773;OriginalHitTemplateId:928390828;","3600","259200","Tue Sep 15 07:17:48 PDT 2020","","","38F71OA9GU1QNMBNOQSYLKG5BKDMF1","A2I6ZALE49CVSC","Submitted","Tue Sep 08 07:18:06 PDT 2020","Tue Sep 08 07:20:55 PDT 2020","Fri Sep 11 07:20:55 PDT 2020","","","","169","100% (1/1)","0% (0/0)","0% (0/0)","Is the sky cloudy?","http://ugrad.cs.jhu.edu/~jgualla1/images/2339353.jpg","Does the sky look cloudy?","http://ugrad.cs.jhu.edu/~jgualla1/images/2375157.jpg","Is the weather cloudy in this picture?","http://ugrad.cs.jhu.edu/~jgualla1/images/2391685.jpg","Is the weather cloudy?","http://ugrad.cs.jhu.edu/~jgualla1/images/3207.jpg","Does the sky look cloudy?","http://ugrad.cs.jhu.edu/~jgualla1/images/2395326.jpg","Is it cloudy?","http://ugrad.cs.jhu.edu/~jgualla1/images/2379118.jpg","Is it cloudy?","http://ugrad.cs.jhu.edu/~jgualla1/images/2358867.jpg","Is the weather cloudy?","http://ugrad.cs.jhu.edu/~jgualla1/images/2391757.jpg","none","3","87","5","93","92","100","99","93"
"3G57RS03HHA6R1GBIUR4VGGC85R52D","3H6GKE28516JOQZR4JQ9E64WV051EA","Answer questions about images","You will be presented with images and yes/no questions about the images, which you will answer by sliding a bar","images, questions, language","$0.13","Tue Sep 08 07:17:48 PDT 2020","10","BatchId:4177773;OriginalHitTemplateId:928390828;","3600","259200","Tue Sep 15 07:17:48 PDT 2020","","","3L0KT67Y8FLZL85NDDG8MEMR9KLYSM","A1L3937MY09J3I","Submitted","Tue Sep 08 07:18:08 PDT 2020","Tue Sep 08 07:25:38 PDT 2020","Fri Sep 11 07:25:38 PDT 2020","","","","450","100% (8/8)","0% (0/0)","0% (0/0)","Is the sky cloudy?","http://ugrad.cs.jhu.edu/~jgualla1/images/2339353.jpg","Does the sky look cloudy?","http://ugrad.cs.jhu.edu/~jgualla1/images/2375157.jpg","Is the weather cloudy in this picture?","http://ugrad.cs.jhu.edu/~jgualla1/images/2391685.jpg","Is the weather cloudy?","http://ugrad.cs.jhu.edu/~jgualla1/images/3207.jpg","Does the sky look cloudy?","http://ugrad.cs.jhu.edu/~jgualla1/images/2395326.jpg","Is it cloudy?","http://ugrad.cs.jhu.edu/~jgualla1/images/2379118.jpg","Is it cloudy?","http://ugrad.cs.jhu.edu/~jgualla1/images/2358867.jpg","Is the weather cloudy?","http://ugrad.cs.jhu.edu/~jgualla1/images/2391757.jpg","NA","0","62","1","56","74","94","91","75"
"3G57RS03HHA6R1GBIUR4VGGC85R52D","3H6GKE28516JOQZR4JQ9E64WV051EA","Answer questions about images","You will be presented with images and yes/no questions about the images, which you will answer by sliding a bar","images, questions, language","$0.13","Tue Sep 08 07:17:48 PDT 2020","10","BatchId:4177773;OriginalHitTemplateId:928390828;","3600","259200","Tue Sep 15 07:17:48 PDT 2020","","","3N2BF7Y2VRZA1I2TJGGYO5SIRZQMHZ","A304UJAE051J89","Submitted","Tue Sep 08 07:18:08 PDT 2020","Tue Sep 08 07:19:41 PDT 2020","Fri Sep 11 07:19:41 PDT 2020","","","","93","100% (2/2)","0% (0/0)","0% (0/0)","Is the sky cloudy?","http://ugrad.cs.jhu.edu/~jgualla1/images/2339353.jpg","Does the sky look cloudy?","http://ugrad.cs.jhu.edu/~jgualla1/images/2375157.jpg","Is the weather cloudy in this picture?","http://ugrad.cs.jhu.edu/~jgualla1/images/2391685.jpg","Is the weather cloudy?","http://ugrad.cs.jhu.edu/~jgualla1/images/3207.jpg","Does the sky look cloudy?","http://ugrad.cs.jhu.edu/~jgualla1/images/2395326.jpg","Is it cloudy?","http://ugrad.cs.jhu.edu/~jgualla1/images/2379118.jpg","Is it cloudy?","http://ugrad.cs.jhu.edu/~jgualla1/images/2358867.jpg","Is the weather cloudy?","http://ugrad.cs.jhu.edu/~jgualla1/images/2391757.jpg","fun!","100","100","61","49","80","88","100","53"
"34OWYT6U3WMT39WPANPDUCSVJX7I9S","3H6GKE28516JOQZR4JQ9E64WV051EA","Answer questions about images","You will be presented with images and yes/no questions about the images, which you will answer by sliding a bar","images, questions, language","$0.13","Tue Sep 08 07:17:49 PDT 2020","10","BatchId:4177773;OriginalHitTemplateId:928390828;","3600","259200","Tue Sep 15 07:17:49 PDT 2020","","","35L9RVQFCPNTEQ72SI7KFF9C4LTUHZ","A2I6ZALE49CVSC","Submitted","Tue Sep 08 07:39:54 PDT 2020","Tue Sep 08 07:41:52 PDT 2020","Fri Sep 11 07:41:52 PDT 2020","","","","118","100% (1/1)","0% (0/0)","0% (0/0)","Is the sky cloudy?","http://ugrad.cs.jhu.edu/~jgualla1/images/2378294.jpg","Does the sky look cloudy?","http://ugrad.cs.jhu.edu/~jgualla1/images/2400769.jpg","Is it cloudy?","http://ugrad.cs.jhu.edu/~jgualla1/images/2395794.jpg","Is it cloudy?","http://ugrad.cs.jhu.edu/~jgualla1/images/2394974.jpg","Is the sky cloudy?","http://ugrad.cs.jhu.edu/~jgualla1/images/1159902.jpg","Is it cloudy?","http://ugrad.cs.jhu.edu/~jgualla1/images/2399909.jpg","Does the blue sky look cloudy?","http://ugrad.cs.jhu.edu/~jgualla1/images/2566.jpg","Does that sky look cloudy?","http://ugrad.cs.jhu.edu/~jgualla1/images/2381611.jpg","none","100","5","93","99","100","73","86","100"
"34OWYT6U3WMT39WPANPDUCSVJX7I9S","3H6GKE28516JOQZR4JQ9E64WV051EA","Answer questions about images","You will be presented with images and yes/no questions about the images, which you will answer by sliding a bar","images, questions, language","$0.13","Tue Sep 08 07:17:49 PDT 2020","10","BatchId:4177773;OriginalHitTemplateId:928390828;","3600","259200","Tue Sep 15 07:17:49 PDT 2020","","","36PW28KO401XF722WCINUB0552PAE3","AEOQ0ZHS6ZA04","Submitted","Tue Sep 08 09:20:28 PDT 2020","Tue Sep 08 09:23:38 PDT 2020","Fri Sep 11 09:23:38 PDT 2020","","","","190","0% (0/0)","0% (0/0)","0% (0/0)","Is the sky cloudy?","http://ugrad.cs.jhu.edu/~jgualla1/images/2378294.jpg","Does the sky look cloudy?","http://ugrad.cs.jhu.edu/~jgualla1/images/2400769.jpg","Is it cloudy?","http://ugrad.cs.jhu.edu/~jgualla1/images/2395794.jpg","Is it cloudy?","http://ugrad.cs.jhu.edu/~jgualla1/images/2394974.jpg","Is the sky cloudy?","http://ugrad.cs.jhu.edu/~jgualla1/images/1159902.jpg","Is it cloudy?","http://ugrad.cs.jhu.edu/~jgualla1/images/2399909.jpg","Does the blue sky look cloudy?","http://ugrad.cs.jhu.edu/~jgualla1/images/2566.jpg","Does that sky look cloudy?","http://ugrad.cs.jhu.edu/~jgualla1/images/2381611.jpg","no comments","48","2","1","0","66","0","0","0"
"34OWYT6U3WMT39WPANPDUCSVJX7I9S","3H6GKE28516JOQZR4JQ9E64WV051EA","Answer questions about images","You will be presented with images and yes/no questions about the images, which you will answer by sliding a bar","images, questions, language","$0.13","Tue Sep 08 07:17:49 PDT 2020","10","BatchId:4177773;OriginalHitTemplateId:928390828;","3600","259200","Tue Sep 15 07:17:49 PDT 2020","","","3A4NIXBJ774CNELJA1VWGXLP8GZML6","A3D4P4V4M2G0SK","Submitted","Tue Sep 08 07:18:20 PDT 2020","Tue Sep 08 07:24:20 PDT 2020","Fri Sep 11 07:24:20 PDT 2020","","","","360","0% (0/0)","0% (0/0)","0% (0/0)","Is the sky cloudy?","http://ugrad.cs.jhu.edu/~jgualla1/images/2378294.jpg","Does the sky look cloudy?","http://ugrad.cs.jhu.edu/~jgualla1/images/2400769.jpg","Is it cloudy?","http://ugrad.cs.jhu.edu/~jgualla1/images/2395794.jpg","Is it cloudy?","http://ugrad.cs.jhu.edu/~jgualla1/images/2394974.jpg","Is the sky cloudy?","http://ugrad.cs.jhu.edu/~jgualla1/images/1159902.jpg","Is it cloudy?","http://ugrad.cs.jhu.edu/~jgualla1/images/2399909.jpg","Does the blue sky look cloudy?","http://ugrad.cs.jhu.edu/~jgualla1/images/2566.jpg","Does that sky look cloudy?","http://ugrad.cs.jhu.edu/~jgualla1/images/2381611.jpg","nothing","100","0","0","100","100","0","100","0"
"34OWYT6U3WMT39WPANPDUCSVJX7I9S","3H6GKE28516JOQZR4JQ9E64WV051EA","Answer questions about images","You will be presented with images and yes/no questions about the images, which you will answer by sliding a bar","images, questions, language","$0.13","Tue Sep 08 07:17:49 PDT 2020","10","BatchId:4177773;OriginalHitTemplateId:928390828;","3600","259200","Tue Sep 15 07:17:49 PDT 2020","","","3MYYFCXHJ4CGXWICT6YKHBZHQ8U4GP","A13GUTDMGGZZDL","Submitted","Tue Sep 08 07:30:21 PDT 2020","Tue Sep 08 08:05:28 PDT 2020","Fri Sep 11 08:05:28 PDT 2020","","","","2107","100% (59/59)","0% (0/0)","0% (0/0)","Is the sky cloudy?","http://ugrad.cs.jhu.edu/~jgualla1/images/2378294.jpg","Does the sky look cloudy?","http://ugrad.cs.jhu.edu/~jgualla1/images/2400769.jpg","Is it cloudy?","http://ugrad.cs.jhu.edu/~jgualla1/images/2395794.jpg","Is it cloudy?","http://ugrad.cs.jhu.edu/~jgualla1/images/2394974.jpg","Is the sky cloudy?","http://ugrad.cs.jhu.edu/~jgualla1/images/1159902.jpg","Is it cloudy?","http://ugrad.cs.jhu.edu/~jgualla1/images/2399909.jpg","Does the blue sky look cloudy?","http://ugrad.cs.jhu.edu/~jgualla1/images/2566.jpg","Does that sky look cloudy?","http://ugrad.cs.jhu.edu/~jgualla1/images/2381611.jpg","na","93","99","77","76","94","56","63","68"
"34OWYT6U3WMT39WPANPDUCSVJX7I9S","3H6GKE28516JOQZR4JQ9E64WV051EA","Answer questions about images","You will be presented with images and yes/no questions about the images, which you will answer by sliding a bar","images, questions, language","$0.13","Tue Sep 08 07:17:49 PDT 2020","10","BatchId:4177773;OriginalHitTemplateId:928390828;","3600","259200","Tue Sep 15 07:17:49 PDT 2020","","","3QRYMNZ7FZM6O9EOVBCNF3K67JXNTC","A12TSLY8GXWHB4","Submitted","Tue Sep 08 07:38:00 PDT 2020","Tue Sep 08 07:39:06 PDT 2020","Fri Sep 11 07:39:06 PDT 2020","","","","66","100% (29/29)","100% (29/29)","100% (28/28)","Is the sky cloudy?","http://ugrad.cs.jhu.edu/~jgualla1/images/2378294.jpg","Does the sky look cloudy?","http://ugrad.cs.jhu.edu/~jgualla1/images/2400769.jpg","Is it cloudy?","http://ugrad.cs.jhu.edu/~jgualla1/images/2395794.jpg","Is it cloudy?","http://ugrad.cs.jhu.edu/~jgualla1/images/2394974.jpg","Is the sky cloudy?","http://ugrad.cs.jhu.edu/~jgualla1/images/1159902.jpg","Is it cloudy?","http://ugrad.cs.jhu.edu/~jgualla1/images/2399909.jpg","Does the blue sky look cloudy?","http://ugrad.cs.jhu.edu/~jgualla1/images/2566.jpg","Does that sky look cloudy?","http://ugrad.cs.jhu.edu/~jgualla1/images/2381611.jpg","THANKS","76","0","0","84","74","68","77","83"
"34OWYT6U3WMT39WPANPDUCSVJX7I9S","3H6GKE28516JOQZR4JQ9E64WV051EA","Answer questions about images","You will be presented with images and yes/no questions about the images, which you will answer by sliding a bar","images, questions, language","$0.13","Tue Sep 08 07:17:49 PDT 2020","10","BatchId:4177773;OriginalHitTemplateId:928390828;","3600","259200","Tue Sep 15 07:17:49 PDT 2020","","","3UOUJI6MTEJQ0G7HXMP6I1X6SBCUXS","A1I66SKK9RFQSA","Submitted","Tue Sep 08 07:19:45 PDT 2020","Tue Sep 08 07:22:20 PDT 2020","Fri Sep 11 07:22:20 PDT 2020","","","","155","0% (0/0)","0% (0/0)","0% (0/0)","Is the sky cloudy?","http://ugrad.cs.jhu.edu/~jgualla1/images/2378294.jpg","Does the sky look cloudy?","http://ugrad.cs.jhu.edu/~jgualla1/images/2400769.jpg","Is it cloudy?","http://ugrad.cs.jhu.edu/~jgualla1/images/2395794.jpg","Is it cloudy?","http://ugrad.cs.jhu.edu/~jgualla1/images/2394974.jpg","Is the sky cloudy?","http://ugrad.cs.jhu.edu/~jgualla1/images/1159902.jpg","Is it cloudy?","http://ugrad.cs.jhu.edu/~jgualla1/images/2399909.jpg","Does the blue sky look cloudy?","http://ugrad.cs.jhu.edu/~jgualla1/images/2566.jpg","Does that sky look cloudy?","http://ugrad.cs.jhu.edu/~jgualla1/images/2381611.jpg","good study","14","3","24","79","81","24","77","100"
"34OWYT6U3WMT39WPANPDUCSVJX7I9S","3H6GKE28516JOQZR4JQ9E64WV051EA","Answer questions about images","You will be presented with images and yes/no questions about the images, which you will answer by sliding a bar","images, questions, language","$0.13","Tue Sep 08 07:17:49 PDT 2020","10","BatchId:4177773;OriginalHitTemplateId:928390828;","3600","259200","Tue Sep 15 07:17:49 PDT 2020","","","3UOUJI6MTEJQ0G7HXMP6I1X6SBGXUZ","ACKG8OU1KHKO2","Submitted","Tue Sep 08 08:02:21 PDT 2020","Tue Sep 08 08:09:48 PDT 2020","Fri Sep 11 08:09:48 PDT 2020","","","","447","100% (11/11)","100% (10/10)","100% (9/9)","Is the sky cloudy?","http://ugrad.cs.jhu.edu/~jgualla1/images/2378294.jpg","Does the sky look cloudy?","http://ugrad.cs.jhu.edu/~jgualla1/images/2400769.jpg","Is it cloudy?","http://ugrad.cs.jhu.edu/~jgualla1/images/2395794.jpg","Is it cloudy?","http://ugrad.cs.jhu.edu/~jgualla1/images/2394974.jpg","Is the sky cloudy?","http://ugrad.cs.jhu.edu/~jgualla1/images/1159902.jpg","Is it cloudy?","http://ugrad.cs.jhu.edu/~jgualla1/images/2399909.jpg","Does the blue sky look cloudy?","http://ugrad.cs.jhu.edu/~jgualla1/images/2566.jpg","Does that sky look cloudy?","http://ugrad.cs.jhu.edu/~jgualla1/images/2381611.jpg","it was straightforward.","81","0","0","100","100","85","89","100"
"34OWYT6U3WMT39WPANPDUCSVJX7I9S","3H6GKE28516JOQZR4JQ9E64WV051EA","Answer questions about images","You will be presented with images and yes/no questions about the images, which you will answer by sliding a bar","images, questions, language","$0.13","Tue Sep 08 07:17:49 PDT 2020","10","BatchId:4177773;OriginalHitTemplateId:928390828;","3600","259200","Tue Sep 15 07:17:49 PDT 2020","","","3VELCLL3GLOTRXPYV4901SS2D9IF1M","AOMFEAWQHU3D8","Submitted","Tue Sep 08 07:18:15 PDT 2020","Tue Sep 08 07:20:19 PDT 2020","Fri Sep 11 07:20:19 PDT 2020","","","","124","100% (1/1)","0% (0/0)","0% (0/0)","Is the sky cloudy?","http://ugrad.cs.jhu.edu/~jgualla1/images/2378294.jpg","Does the sky look cloudy?","http://ugrad.cs.jhu.edu/~jgualla1/images/2400769.jpg","Is it cloudy?","http://ugrad.cs.jhu.edu/~jgualla1/images/2395794.jpg","Is it cloudy?","http://ugrad.cs.jhu.edu/~jgualla1/images/2394974.jpg","Is the sky cloudy?","http://ugrad.cs.jhu.edu/~jgualla1/images/1159902.jpg","Is it cloudy?","http://ugrad.cs.jhu.edu/~jgualla1/images/2399909.jpg","Does the blue sky look cloudy?","http://ugrad.cs.jhu.edu/~jgualla1/images/2566.jpg","Does that sky look cloudy?","http://ugrad.cs.jhu.edu/~jgualla1/images/2381611.jpg","n/a","99","12","54","59","90","11","64","36"
"34OWYT6U3WMT39WPANPDUCSVJX7I9S","3H6GKE28516JOQZR4JQ9E64WV051EA","Answer questions about images","You will be presented with images and yes/no questions about the images, which you will answer by sliding a bar","images, questions, language","$0.13","Tue Sep 08 07:17:49 PDT 2020","10","BatchId:4177773;OriginalHitTemplateId:928390828;","3600","259200","Tue Sep 15 07:17:49 PDT 2020","","","3VFJCI1K404NY2KA4IUXP4ARIMERGV","A2VRDE2FHCBMF8","Submitted","Tue Sep 08 07:40:48 PDT 2020","Tue Sep 08 07:42:14 PDT 2020","Fri Sep 11 07:42:14 PDT 2020","","","","86","100% (1/1)","100% (1/1)","0% (0/0)","Is the sky cloudy?","http://ugrad.cs.jhu.edu/~jgualla1/images/2378294.jpg","Does the sky look cloudy?","http://ugrad.cs.jhu.edu/~jgualla1/images/2400769.jpg","Is it cloudy?","http://ugrad.cs.jhu.edu/~jgualla1/images/2395794.jpg","Is it cloudy?","http://ugrad.cs.jhu.edu/~jgualla1/images/2394974.jpg","Is the sky cloudy?","http://ugrad.cs.jhu.edu/~jgualla1/images/1159902.jpg","Is it cloudy?","http://ugrad.cs.jhu.edu/~jgualla1/images/2399909.jpg","Does the blue sky look cloudy?","http://ugrad.cs.jhu.edu/~jgualla1/images/2566.jpg","Does that sky look cloudy?","http://ugrad.cs.jhu.edu/~jgualla1/images/2381611.jpg","Thank you very much for this HIT, and best of luck with your research","89","50","68","100","100","100","100","100"
"34OWYT6U3WMT39WPANPDUCSVJX7I9S","3H6GKE28516JOQZR4JQ9E64WV051EA","Answer questions about images","You will be presented with images and yes/no questions about the images, which you will answer by sliding a bar","images, questions, language","$0.13","Tue Sep 08 07:17:49 PDT 2020","10","BatchId:4177773;OriginalHitTemplateId:928390828;","3600","259200","Tue Sep 15 07:17:49 PDT 2020","","","3YOH7BII0ACKTVXA3TKMOTRNAA2KVG","APMGE1034C1LB","Submitted","Tue Sep 08 11:02:50 PDT 2020","Tue Sep 08 11:03:19 PDT 2020","Fri Sep 11 11:03:19 PDT 2020","","","","29","0% (0/0)","0% (0/0)","0% (0/0)","Is the sky cloudy?","http://ugrad.cs.jhu.edu/~jgualla1/images/2378294.jpg","Does the sky look cloudy?","http://ugrad.cs.jhu.edu/~jgualla1/images/2400769.jpg","Is it cloudy?","http://ugrad.cs.jhu.edu/~jgualla1/images/2395794.jpg","Is it cloudy?","http://ugrad.cs.jhu.edu/~jgualla1/images/2394974.jpg","Is the sky cloudy?","http://ugrad.cs.jhu.edu/~jgualla1/images/1159902.jpg","Is it cloudy?","http://ugrad.cs.jhu.edu/~jgualla1/images/2399909.jpg","Does the blue sky look cloudy?","http://ugrad.cs.jhu.edu/~jgualla1/images/2566.jpg","Does that sky look cloudy?","http://ugrad.cs.jhu.edu/~jgualla1/images/2381611.jpg","n/a","100","91","35","80","91","76","91","86"
"38VTL6WC4AIWSM9IBFYZ4KHHNKLY5M","3H6GKE28516JOQZR4JQ9E64WV051EA","Answer questions about images","You will be presented with images and yes/no questions about the images, which you will answer by sliding a bar","images, questions, language","$0.13","Tue Sep 08 07:17:49 PDT 2020","10","BatchId:4177773;OriginalHitTemplateId:928390828;","3600","259200","Tue Sep 15 07:17:49 PDT 2020","","","382M9COHEIKHUGG02HZEUCCZC51UEJ","A1I72NHC21347A","Submitted","Tue Sep 08 07:18:06 PDT 2020","Tue Sep 08 07:27:12 PDT 2020","Fri Sep 11 07:27:12 PDT 2020","","","","546","100% (5/5)","0% (0/0)","0% (0/0)","Is the sky cloudy?","http://ugrad.cs.jhu.edu/~jgualla1/images/2413434.jpg","Is the weather cloudy?","http://ugrad.cs.jhu.edu/~jgualla1/images/2381741.jpg","Is the sky cloudy?","http://ugrad.cs.jhu.edu/~jgualla1/images/2365581.jpg","Is the weather cloudy?","http://ugrad.cs.jhu.edu/~jgualla1/images/2417499.jpg","Does that sky look cloudy?","http://ugrad.cs.jhu.edu/~jgualla1/images/2410075.jpg","Is the sky cloudy?","http://ugrad.cs.jhu.edu/~jgualla1/images/2317081.jpg","Does the sky look cloudy?","http://ugrad.cs.jhu.edu/~jgualla1/images/2378279.jpg","Is it cloudy?","http://ugrad.cs.jhu.edu/~jgualla1/images/2411098.jpg","na","87","76","25","25","1","61","37","36"
"38VTL6WC4AIWSM9IBFYZ4KHHNKLY5M","3H6GKE28516JOQZR4JQ9E64WV051EA","Answer questions about images","You will be presented with images and yes/no questions about the images, which you will answer by sliding a bar","images, questions, language","$0.13","Tue Sep 08 07:17:49 PDT 2020","10","BatchId:4177773;OriginalHitTemplateId:928390828;","3600","259200","Tue Sep 15 07:17:49 PDT 2020","","","3FTOP5WARGT9PAQCIBWL2L1K1O00JE","A2I6ZALE49CVSC","Submitted","Tue Sep 08 08:18:43 PDT 2020","Tue Sep 08 08:20:08 PDT 2020","Fri Sep 11 08:20:08 PDT 2020","","","","85","100% (1/1)","0% (0/0)","0% (0/0)","Is the sky cloudy?","http://ugrad.cs.jhu.edu/~jgualla1/images/2413434.jpg","Is the weather cloudy?","http://ugrad.cs.jhu.edu/~jgualla1/images/2381741.jpg","Is the sky cloudy?","http://ugrad.cs.jhu.edu/~jgualla1/images/2365581.jpg","Is the weather cloudy?","http://ugrad.cs.jhu.edu/~jgualla1/images/2417499.jpg","Does that sky look cloudy?","http://ugrad.cs.jhu.edu/~jgualla1/images/2410075.jpg","Is the sky cloudy?","http://ugrad.cs.jhu.edu/~jgualla1/images/2317081.jpg","Does the sky look cloudy?","http://ugrad.cs.jhu.edu/~jgualla1/images/2378279.jpg","Is it cloudy?","http://ugrad.cs.jhu.edu/~jgualla1/images/2411098.jpg","none","87","69","0","0","0","77","43","6"
"38VTL6WC4AIWSM9IBFYZ4KHHNKLY5M","3H6GKE28516JOQZR4JQ9E64WV051EA","Answer questions about images","You will be presented with images and yes/no questions about the images, which you will answer by sliding a bar","images, questions, language","$0.13","Tue Sep 08 07:17:49 PDT 2020","10","BatchId:4177773;OriginalHitTemplateId:928390828;","3600","259200","Tue Sep 15 07:17:49 PDT 2020","","","3H0W84IWBL7PEOOJYN49P1PF56XREC","A3UJSDFJ9LBQ6Z","Submitted","Tue Sep 08 07:18:12 PDT 2020","Tue Sep 08 08:14:38 PDT 2020","Fri Sep 11 08:14:38 PDT 2020","","","","3386","100% (1/1)","0% (0/0)","0% (0/0)","Is the sky cloudy?","http://ugrad.cs.jhu.edu/~jgualla1/images/2413434.jpg","Is the weather cloudy?","http://ugrad.cs.jhu.edu/~jgualla1/images/2381741.jpg","Is the sky cloudy?","http://ugrad.cs.jhu.edu/~jgualla1/images/2365581.jpg","Is the weather cloudy?","http://ugrad.cs.jhu.edu/~jgualla1/images/2417499.jpg","Does that sky look cloudy?","http://ugrad.cs.jhu.edu/~jgualla1/images/2410075.jpg","Is the sky cloudy?","http://ugrad.cs.jhu.edu/~jgualla1/images/2317081.jpg","Does the sky look cloudy?","http://ugrad.cs.jhu.edu/~jgualla1/images/2378279.jpg","Is it cloudy?","http://ugrad.cs.jhu.edu/~jgualla1/images/2411098.jpg","I determined what was cloudy based on whether I saw any clouds at all in the sky.","18","0","0","0","2","7","0","0"
"38VTL6WC4AIWSM9IBFYZ4KHHNKLY5M","3H6GKE28516JOQZR4JQ9E64WV051EA","Answer questions about images","You will be presented with images and yes/no questions about the images, which you will answer by sliding a bar","images, questions, language","$0.13","Tue Sep 08 07:17:49 PDT 2020","10","BatchId:4177773;OriginalHitTemplateId:928390828;","3600","259200","Tue Sep 15 07:17:49 PDT 2020","","","3L4D84MIL0XK0AW8GJ368D01N5VHJQ","ACKG8OU1KHKO2","Submitted","Tue Sep 08 08:02:08 PDT 2020","Tue Sep 08 08:03:29 PDT 2020","Fri Sep 11 08:03:29 PDT 2020","","","","81","100% (11/11)","100% (10/10)","100% (9/9)","Is the sky cloudy?","http://ugrad.cs.jhu.edu/~jgualla1/images/2413434.jpg","Is the weather cloudy?","http://ugrad.cs.jhu.edu/~jgualla1/images/2381741.jpg","Is the sky cloudy?","http://ugrad.cs.jhu.edu/~jgualla1/images/2365581.jpg","Is the weather cloudy?","http://ugrad.cs.jhu.edu/~jgualla1/images/2417499.jpg","Does that sky look cloudy?","http://ugrad.cs.jhu.edu/~jgualla1/images/2410075.jpg","Is the sky cloudy?","http://ugrad.cs.jhu.edu/~jgualla1/images/2317081.jpg","Does the sky look cloudy?","http://ugrad.cs.jhu.edu/~jgualla1/images/2378279.jpg","Is it cloudy?","http://ugrad.cs.jhu.edu/~jgualla1/images/2411098.jpg","It was fun.","65","0","0","0","0","75","0","0"
"38VTL6WC4AIWSM9IBFYZ4KHHNKLY5M","3H6GKE28516JOQZR4JQ9E64WV051EA","Answer questions about images","You will be presented with images and yes/no questions about the images, which you will answer by sliding a bar","images, questions, language","$0.13","Tue Sep 08 07:17:49 PDT 2020","10","BatchId:4177773;OriginalHitTemplateId:928390828;","3600","259200","Tue Sep 15 07:17:49 PDT 2020","","","3R2PKQ87NXDAXDDDPYYJOHTXRC7MIU","A3ATZTGLM6AK05","Submitted","Tue Sep 08 07:41:20 PDT 2020","Tue Sep 08 08:10:48 PDT 2020","Fri Sep 11 08:10:48 PDT 2020","","","","1768","0% (0/0)","0% (0/0)","0% (0/0)","Is the sky cloudy?","http://ugrad.cs.jhu.edu/~jgualla1/images/2413434.jpg","Is the weather cloudy?","http://ugrad.cs.jhu.edu/~jgualla1/images/2381741.jpg","Is the sky cloudy?","http://ugrad.cs.jhu.edu/~jgualla1/images/2365581.jpg","Is the weather cloudy?","http://ugrad.cs.jhu.edu/~jgualla1/images/2417499.jpg","Does that sky look cloudy?","http://ugrad.cs.jhu.edu/~jgualla1/images/2410075.jpg","Is the sky cloudy?","http://ugrad.cs.jhu.edu/~jgualla1/images/2317081.jpg","Does the sky look cloudy?","http://ugrad.cs.jhu.edu/~jgualla1/images/2378279.jpg","Is it cloudy?","http://ugrad.cs.jhu.edu/~jgualla1/images/2411098.jpg","none","91","98","0","4","0","34","89","95"
"38VTL6WC4AIWSM9IBFYZ4KHHNKLY5M","3H6GKE28516JOQZR4JQ9E64WV051EA","Answer questions about images","You will be presented with images and yes/no questions about the images, which you will answer by sliding a bar","images, questions, language","$0.13","Tue Sep 08 07:17:49 PDT 2020","10","BatchId:4177773;OriginalHitTemplateId:928390828;","3600","259200","Tue Sep 15 07:17:49 PDT 2020","","","3T111IHZ5FV8JSX2QCONXNO4E9HR92","A3RDH0U2H6JCBC","Submitted","Tue Sep 08 07:18:01 PDT 2020","Tue Sep 08 07:23:38 PDT 2020","Fri Sep 11 07:23:38 PDT 2020","","","","337","0% (0/0)","0% (0/0)","0% (0/0)","Is the sky cloudy?","http://ugrad.cs.jhu.edu/~jgualla1/images/2413434.jpg","Is the weather cloudy?","http://ugrad.cs.jhu.edu/~jgualla1/images/2381741.jpg","Is the sky cloudy?","http://ugrad.cs.jhu.edu/~jgualla1/images/2365581.jpg","Is the weather cloudy?","http://ugrad.cs.jhu.edu/~jgualla1/images/2417499.jpg","Does that sky look cloudy?","http://ugrad.cs.jhu.edu/~jgualla1/images/2410075.jpg","Is the sky cloudy?","http://ugrad.cs.jhu.edu/~jgualla1/images/2317081.jpg","Does the sky look cloudy?","http://ugrad.cs.jhu.edu/~jgualla1/images/2378279.jpg","Is it cloudy?","http://ugrad.cs.jhu.edu/~jgualla1/images/2411098.jpg","It was hard to tell in the last image due to the sky not being entirely visible.","97","100","0","0","0","65","86","67"
"38VTL6WC4AIWSM9IBFYZ4KHHNKLY5M","3H6GKE28516JOQZR4JQ9E64WV051EA","Answer questions about images","You will be presented with images and yes/no questions about the images, which you will answer by sliding a bar","images, questions, language","$0.13","Tue Sep 08 07:17:49 PDT 2020","10","BatchId:4177773;OriginalHitTemplateId:928390828;","3600","259200","Tue Sep 15 07:17:49 PDT 2020","","","3TY7ZAOG5GP40UWU0WWX301XGDTK0Q","A36DK84J5YJ942","Submitted","Tue Sep 08 07:18:07 PDT 2020","Tue Sep 08 07:30:17 PDT 2020","Fri Sep 11 07:30:17 PDT 2020","","","","730","0% (0/0)","0% (0/0)","0% (0/0)","Is the sky cloudy?","http://ugrad.cs.jhu.edu/~jgualla1/images/2413434.jpg","Is the weather cloudy?","http://ugrad.cs.jhu.edu/~jgualla1/images/2381741.jpg","Is the sky cloudy?","http://ugrad.cs.jhu.edu/~jgualla1/images/2365581.jpg","Is the weather cloudy?","http://ugrad.cs.jhu.edu/~jgualla1/images/2417499.jpg","Does that sky look cloudy?","http://ugrad.cs.jhu.edu/~jgualla1/images/2410075.jpg","Is the sky cloudy?","http://ugrad.cs.jhu.edu/~jgualla1/images/2317081.jpg","Does the sky look cloudy?","http://ugrad.cs.jhu.edu/~jgualla1/images/2378279.jpg","Is it cloudy?","http://ugrad.cs.jhu.edu/~jgualla1/images/2411098.jpg",".","99","71","0","0","2","13","59","64"
"38VTL6WC4AIWSM9IBFYZ4KHHNKLY5M","3H6GKE28516JOQZR4JQ9E64WV051EA","Answer questions about images","You will be presented with images and yes/no questions about the images, which you will answer by sliding a bar","images, questions, language","$0.13","Tue Sep 08 07:17:49 PDT 2020","10","BatchId:4177773;OriginalHitTemplateId:928390828;","3600","259200","Tue Sep 15 07:17:49 PDT 2020","","","3U088ZLJVLYVVUQBPAF0RBVS3K2W0Y","A39VVWV1GHLMFD","Submitted","Tue Sep 08 07:24:14 PDT 2020","Tue Sep 08 07:28:26 PDT 2020","Fri Sep 11 07:28:26 PDT 2020","","","","252","100% (15/15)","100% (1/1)","0% (0/0)","Is the sky cloudy?","http://ugrad.cs.jhu.edu/~jgualla1/images/2413434.jpg","Is the weather cloudy?","http://ugrad.cs.jhu.edu/~jgualla1/images/2381741.jpg","Is the sky cloudy?","http://ugrad.cs.jhu.edu/~jgualla1/images/2365581.jpg","Is the weather cloudy?","http://ugrad.cs.jhu.edu/~jgualla1/images/2417499.jpg","Does that sky look cloudy?","http://ugrad.cs.jhu.edu/~jgualla1/images/2410075.jpg","Is the sky cloudy?","http://ugrad.cs.jhu.edu/~jgualla1/images/2317081.jpg","Does the sky look cloudy?","http://ugrad.cs.jhu.edu/~jgualla1/images/2378279.jpg","Is it cloudy?","http://ugrad.cs.jhu.edu/~jgualla1/images/2411098.jpg","none","90","14","0","0","0","20","5","12"
"38VTL6WC4AIWSM9IBFYZ4KHHNKLY5M","3H6GKE28516JOQZR4JQ9E64WV051EA","Answer questions about images","You will be presented with images and yes/no questions about the images, which you will answer by sliding a bar","images, questions, language","$0.13","Tue Sep 08 07:17:49 PDT 2020","10","BatchId:4177773;OriginalHitTemplateId:928390828;","3600","259200","Tue Sep 15 07:17:49 PDT 2020","","","3YMTUJH0DTLK214ID6XRGUE6G224TY","A21HUPW67XA7UJ","Submitted","Tue Sep 08 07:31:24 PDT 2020","Tue Sep 08 07:52:16 PDT 2020","Fri Sep 11 07:52:16 PDT 2020","","","","1252","100% (1/1)","100% (1/1)","0% (0/0)","Is the sky cloudy?","http://ugrad.cs.jhu.edu/~jgualla1/images/2413434.jpg","Is the weather cloudy?","http://ugrad.cs.jhu.edu/~jgualla1/images/2381741.jpg","Is the sky cloudy?","http://ugrad.cs.jhu.edu/~jgualla1/images/2365581.jpg","Is the weather cloudy?","http://ugrad.cs.jhu.edu/~jgualla1/images/2417499.jpg","Does that sky look cloudy?","http://ugrad.cs.jhu.edu/~jgualla1/images/2410075.jpg","Is the sky cloudy?","http://ugrad.cs.jhu.edu/~jgualla1/images/2317081.jpg","Does the sky look cloudy?","http://ugrad.cs.jhu.edu/~jgualla1/images/2378279.jpg","Is it cloudy?","http://ugrad.cs.jhu.edu/~jgualla1/images/2411098.jpg","N/A","66","28","0","0","3","71","0","21"
"38VTL6WC4AIWSM9IBFYZ4KHHNKLY5M","3H6GKE28516JOQZR4JQ9E64WV051EA","Answer questions about images","You will be presented with images and yes/no questions about the images, which you will answer by sliding a bar","images, questions, language","$0.13","Tue Sep 08 07:17:49 PDT 2020","10","BatchId:4177773;OriginalHitTemplateId:928390828;","3600","259200","Tue Sep 15 07:17:49 PDT 2020","","","3ZGVPD4G6UM05YS7YZNHAQRFHYMZTO","A200579AU9SN1D","Submitted","Tue Sep 08 09:34:50 PDT 2020","Tue Sep 08 09:42:10 PDT 2020","Fri Sep 11 09:42:10 PDT 2020","","","","440","0% (0/0)","0% (0/0)","0% (0/0)","Is the sky cloudy?","http://ugrad.cs.jhu.edu/~jgualla1/images/2413434.jpg","Is the weather cloudy?","http://ugrad.cs.jhu.edu/~jgualla1/images/2381741.jpg","Is the sky cloudy?","http://ugrad.cs.jhu.edu/~jgualla1/images/2365581.jpg","Is the weather cloudy?","http://ugrad.cs.jhu.edu/~jgualla1/images/2417499.jpg","Does that sky look cloudy?","http://ugrad.cs.jhu.edu/~jgualla1/images/2410075.jpg","Is the sky cloudy?","http://ugrad.cs.jhu.edu/~jgualla1/images/2317081.jpg","Does the sky look cloudy?","http://ugrad.cs.jhu.edu/~jgualla1/images/2378279.jpg","Is it cloudy?","http://ugrad.cs.jhu.edu/~jgualla1/images/2411098.jpg","Good","80","91","98","100","100","59","76","23"
"3J94SKDEKIUTUBERFJBLRZ7G5WGD5U","3H6GKE28516JOQZR4JQ9E64WV051EA","Answer questions about images","You will be presented with images and yes/no questions about the images, which you will answer by sliding a bar","images, questions, language","$0.13","Tue Sep 08 07:17:49 PDT 2020","10","BatchId:4177773;OriginalHitTemplateId:928390828;","3600","259200","Tue Sep 15 07:17:49 PDT 2020","","","324G5B4FB4DG5FPAH27OZVWBATW073","A3NG6NWT85OEX7","Submitted","Tue Sep 08 07:43:15 PDT 2020","Tue Sep 08 07:51:03 PDT 2020","Fri Sep 11 07:51:03 PDT 2020","","","","468","0% (0/0)","0% (0/0)","0% (0/0)","Does the gray sky look cloudy?","http://ugrad.cs.jhu.edu/~jgualla1/images/2357684.jpg","Is the sky cloudy?","http://ugrad.cs.jhu.edu/~jgualla1/images/2403270.jpg","Is the sky cloudy?","http://ugrad.cs.jhu.edu/~jgualla1/images/2368181.jpg","Does the blue sky look cloudy?","http://ugrad.cs.jhu.edu/~jgualla1/images/2410898.jpg","Does the dark sky look cloudy?","http://ugrad.cs.jhu.edu/~jgualla1/images/2413698.jpg","Does the light sky look cloudy?","http://ugrad.cs.jhu.edu/~jgualla1/images/2354301.jpg","Is the sky cloudy?","http://ugrad.cs.jhu.edu/~jgualla1/images/2371231.jpg","Is the weather cloudy?","http://ugrad.cs.jhu.edu/~jgualla1/images/2393446.jpg","No comments","59","6","6","34","27","21","39","36"
"3J94SKDEKIUTUBERFJBLRZ7G5WGD5U","3H6GKE28516JOQZR4JQ9E64WV051EA","Answer questions about images","You will be presented with images and yes/no questions about the images, which you will answer by sliding a bar","images, questions, language","$0.13","Tue Sep 08 07:17:49 PDT 2020","10","BatchId:4177773;OriginalHitTemplateId:928390828;","3600","259200","Tue Sep 15 07:17:49 PDT 2020","","","32Z9ZLUT1MPY1LN5WWVBG9HNMZ5HO9","A28FDHF2PY98K1","Submitted","Tue Sep 08 07:18:20 PDT 2020","Tue Sep 08 07:19:39 PDT 2020","Fri Sep 11 07:19:39 PDT 2020","","","","79","0% (0/0)","0% (0/0)","0% (0/0)","Does the gray sky look cloudy?","http://ugrad.cs.jhu.edu/~jgualla1/images/2357684.jpg","Is the sky cloudy?","http://ugrad.cs.jhu.edu/~jgualla1/images/2403270.jpg","Is the sky cloudy?","http://ugrad.cs.jhu.edu/~jgualla1/images/2368181.jpg","Does the blue sky look cloudy?","http://ugrad.cs.jhu.edu/~jgualla1/images/2410898.jpg","Does the dark sky look cloudy?","http://ugrad.cs.jhu.edu/~jgualla1/images/2413698.jpg","Does the light sky look cloudy?","http://ugrad.cs.jhu.edu/~jgualla1/images/2354301.jpg","Is the sky cloudy?","http://ugrad.cs.jhu.edu/~jgualla1/images/2371231.jpg","Is the weather cloudy?","http://ugrad.cs.jhu.edu/~jgualla1/images/2393446.jpg","#2 was the most difficult to assess because of the tree cover.","26","50","0","92","42","50","74","9"
"3J94SKDEKIUTUBERFJBLRZ7G5WGD5U","3H6GKE28516JOQZR4JQ9E64WV051EA","Answer questions about images","You will be presented with images and yes/no questions about the images, which you will answer by sliding a bar","images, questions, language","$0.13","Tue Sep 08 07:17:49 PDT 2020","10","BatchId:4177773;OriginalHitTemplateId:928390828;","3600","259200","Tue Sep 15 07:17:49 PDT 2020","","","38YMOXR4MV4Q95CQRZVH0C5JGNOW6Z","ACKG8OU1KHKO2","Submitted","Tue Sep 08 07:18:20 PDT 2020","Tue Sep 08 07:20:28 PDT 2020","Fri Sep 11 07:20:28 PDT 2020","","","","128","100% (11/11)","100% (10/10)","100% (9/9)","Does the gray sky look cloudy?","http://ugrad.cs.jhu.edu/~jgualla1/images/2357684.jpg","Is the sky cloudy?","http://ugrad.cs.jhu.edu/~jgualla1/images/2403270.jpg","Is the sky cloudy?","http://ugrad.cs.jhu.edu/~jgualla1/images/2368181.jpg","Does the blue sky look cloudy?","http://ugrad.cs.jhu.edu/~jgualla1/images/2410898.jpg","Does the dark sky look cloudy?","http://ugrad.cs.jhu.edu/~jgualla1/images/2413698.jpg","Does the light sky look cloudy?","http://ugrad.cs.jhu.edu/~jgualla1/images/2354301.jpg","Is the sky cloudy?","http://ugrad.cs.jhu.edu/~jgualla1/images/2371231.jpg","Is the weather cloudy?","http://ugrad.cs.jhu.edu/~jgualla1/images/2393446.jpg","It was interesting.","96","0","0","100","85","98","100","0"
"3J94SKDEKIUTUBERFJBLRZ7G5WGD5U","3H6GKE28516JOQZR4JQ9E64WV051EA","Answer questions about images","You will be presented with images and yes/no questions about the images, which you will answer by sliding a bar","images, questions, language","$0.13","Tue Sep 08 07:17:49 PDT 2020","10","BatchId:4177773;OriginalHitTemplateId:928390828;","3600","259200","Tue Sep 15 07:17:49 PDT 2020","","","39ZSFO5CA91P5W2SGIA5RSPRHDXUJ4","A2VRDE2FHCBMF8","Submitted","Tue Sep 08 07:40:06 PDT 2020","Tue Sep 08 07:41:29 PDT 2020","Fri Sep 11 07:41:29 PDT 2020","","","","83","100% (1/1)","100% (1/1)","0% (0/0)","Does the gray sky look cloudy?","http://ugrad.cs.jhu.edu/~jgualla1/images/2357684.jpg","Is the sky cloudy?","http://ugrad.cs.jhu.edu/~jgualla1/images/2403270.jpg","Is the sky cloudy?","http://ugrad.cs.jhu.edu/~jgualla1/images/2368181.jpg","Does the blue sky look cloudy?","http://ugrad.cs.jhu.edu/~jgualla1/images/2410898.jpg","Does the dark sky look cloudy?","http://ugrad.cs.jhu.edu/~jgualla1/images/2413698.jpg","Does the light sky look cloudy?","http://ugrad.cs.jhu.edu/~jgualla1/images/2354301.jpg","Is the sky cloudy?","http://ugrad.cs.jhu.edu/~jgualla1/images/2371231.jpg","Is the weather cloudy?","http://ugrad.cs.jhu.edu/~jgualla1/images/2393446.jpg","Thank you very much for this HIT, and best of luck with your research","93","50","0","100","100","90","100","59"
"3J94SKDEKIUTUBERFJBLRZ7G5WGD5U","3H6GKE28516JOQZR4JQ9E64WV051EA","Answer questions about images","You will be presented with images and yes/no questions about the images, which you will answer by sliding a bar","images, questions, language","$0.13","Tue Sep 08 07:17:49 PDT 2020","10","BatchId:4177773;OriginalHitTemplateId:928390828;","3600","259200","Tue Sep 15 07:17:49 PDT 2020","","","3DBQWDE4Y734373YUFUPCNESRGAN5K","A18T7E73TNGOKP","Submitted","Tue Sep 08 08:56:36 PDT 2020","Tue Sep 08 09:29:17 PDT 2020","Fri Sep 11 09:29:17 PDT 2020","","","","1961","100% (315/315)","100% (24/24)","100% (23/23)","Does the gray sky look cloudy?","http://ugrad.cs.jhu.edu/~jgualla1/images/2357684.jpg","Is the sky cloudy?","http://ugrad.cs.jhu.edu/~jgualla1/images/2403270.jpg","Is the sky cloudy?","http://ugrad.cs.jhu.edu/~jgualla1/images/2368181.jpg","Does the blue sky look cloudy?","http://ugrad.cs.jhu.edu/~jgualla1/images/2410898.jpg","Does the dark sky look cloudy?","http://ugrad.cs.jhu.edu/~jgualla1/images/2413698.jpg","Does the light sky look cloudy?","http://ugrad.cs.jhu.edu/~jgualla1/images/2354301.jpg","Is the sky cloudy?","http://ugrad.cs.jhu.edu/~jgualla1/images/2371231.jpg","Is the weather cloudy?","http://ugrad.cs.jhu.edu/~jgualla1/images/2393446.jpg","","68","89","0","62","42","57","55","52"
"3J94SKDEKIUTUBERFJBLRZ7G5WGD5U","3H6GKE28516JOQZR4JQ9E64WV051EA","Answer questions about images","You will be presented with images and yes/no questions about the images, which you will answer by sliding a bar","images, questions, language","$0.13","Tue Sep 08 07:17:49 PDT 2020","10","BatchId:4177773;OriginalHitTemplateId:928390828;","3600","259200","Tue Sep 15 07:17:49 PDT 2020","","","3JMSRU9HQJZH7V50779JQYEIQCAVE9","A39VVWV1GHLMFD","Submitted","Tue Sep 08 07:20:39 PDT 2020","Tue Sep 08 07:21:41 PDT 2020","Fri Sep 11 07:21:41 PDT 2020","","","","62","100% (15/15)","100% (1/1)","0% (0/0)","Does the gray sky look cloudy?","http://ugrad.cs.jhu.edu/~jgualla1/images/2357684.jpg","Is the sky cloudy?","http://ugrad.cs.jhu.edu/~jgualla1/images/2403270.jpg","Is the sky cloudy?","http://ugrad.cs.jhu.edu/~jgualla1/images/2368181.jpg","Does the blue sky look cloudy?","http://ugrad.cs.jhu.edu/~jgualla1/images/2410898.jpg","Does the dark sky look cloudy?","http://ugrad.cs.jhu.edu/~jgualla1/images/2413698.jpg","Does the light sky look cloudy?","http://ugrad.cs.jhu.edu/~jgualla1/images/2354301.jpg","Is the sky cloudy?","http://ugrad.cs.jhu.edu/~jgualla1/images/2371231.jpg","Is the weather cloudy?","http://ugrad.cs.jhu.edu/~jgualla1/images/2393446.jpg","none","8","0","0","34","92","67","63","33"
"3J94SKDEKIUTUBERFJBLRZ7G5WGD5U","3H6GKE28516JOQZR4JQ9E64WV051EA","Answer questions about images","You will be presented with images and yes/no questions about the images, which you will answer by sliding a bar","images, questions, language","$0.13","Tue Sep 08 07:17:49 PDT 2020","10","BatchId:4177773;OriginalHitTemplateId:928390828;","3600","259200","Tue Sep 15 07:17:49 PDT 2020","","","3LJ7UR74RIIM7OZYGABF7V8ERKI4NZ","A2I6ZALE49CVSC","Submitted","Tue Sep 08 07:50:23 PDT 2020","Tue Sep 08 07:53:06 PDT 2020","Fri Sep 11 07:53:06 PDT 2020","","","","163","100% (1/1)","0% (0/0)","0% (0/0)","Does the gray sky look cloudy?","http://ugrad.cs.jhu.edu/~jgualla1/images/2357684.jpg","Is the sky cloudy?","http://ugrad.cs.jhu.edu/~jgualla1/images/2403270.jpg","Is the sky cloudy?","http://ugrad.cs.jhu.edu/~jgualla1/images/2368181.jpg","Does the blue sky look cloudy?","http://ugrad.cs.jhu.edu/~jgualla1/images/2410898.jpg","Does the dark sky look cloudy?","http://ugrad.cs.jhu.edu/~jgualla1/images/2413698.jpg","Does the light sky look cloudy?","http://ugrad.cs.jhu.edu/~jgualla1/images/2354301.jpg","Is the sky cloudy?","http://ugrad.cs.jhu.edu/~jgualla1/images/2371231.jpg","Is the weather cloudy?","http://ugrad.cs.jhu.edu/~jgualla1/images/2393446.jpg","none","94","11","0","96","89","85","99","0"
"3J94SKDEKIUTUBERFJBLRZ7G5WGD5U","3H6GKE28516JOQZR4JQ9E64WV051EA","Answer questions about images","You will be presented with images and yes/no questions about the images, which you will answer by sliding a bar","images, questions, language","$0.13","Tue Sep 08 07:17:49 PDT 2020","10","BatchId:4177773;OriginalHitTemplateId:928390828;","3600","259200","Tue Sep 15 07:17:49 PDT 2020","","","3MH9DQ757XHFEUCR8CP2UFXBPLGUG0","A12TSLY8GXWHB4","Submitted","Tue Sep 08 08:18:46 PDT 2020","Tue Sep 08 08:19:41 PDT 2020","Fri Sep 11 08:19:41 PDT 2020","","","","55","100% (29/29)","100% (29/29)","100% (28/28)","Does the gray sky look cloudy?","http://ugrad.cs.jhu.edu/~jgualla1/images/2357684.jpg","Is the sky cloudy?","http://ugrad.cs.jhu.edu/~jgualla1/images/2403270.jpg","Is the sky cloudy?","http://ugrad.cs.jhu.edu/~jgualla1/images/2368181.jpg","Does the blue sky look cloudy?","http://ugrad.cs.jhu.edu/~jgualla1/images/2410898.jpg","Does the dark sky look cloudy?","http://ugrad.cs.jhu.edu/~jgualla1/images/2413698.jpg","Does the light sky look cloudy?","http://ugrad.cs.jhu.edu/~jgualla1/images/2354301.jpg","Is the sky cloudy?","http://ugrad.cs.jhu.edu/~jgualla1/images/2371231.jpg","Is the weather cloudy?","http://ugrad.cs.jhu.edu/~jgualla1/images/2393446.jpg","NONE","91","26","0","79","73","72","76","37"
"3J94SKDEKIUTUBERFJBLRZ7G5WGD5U","3H6GKE28516JOQZR4JQ9E64WV051EA","Answer questions about images","You will be presented with images and yes/no questions about the images, which you will answer by sliding a bar","images, questions, language","$0.13","Tue Sep 08 07:17:49 PDT 2020","10","BatchId:4177773;OriginalHitTemplateId:928390828;","3600","259200","Tue Sep 15 07:17:49 PDT 2020","","","3RSDURM96BRYBP05CIW3XXIC8TCEY1","A3FJ3XMXO8UAJ0","Submitted","Tue Sep 08 07:18:07 PDT 2020","Tue Sep 08 07:20:28 PDT 2020","Fri Sep 11 07:20:28 PDT 2020","","","","141","100% (4/4)","100% (1/1)","0% (0/0)","Does the gray sky look cloudy?","http://ugrad.cs.jhu.edu/~jgualla1/images/2357684.jpg","Is the sky cloudy?","http://ugrad.cs.jhu.edu/~jgualla1/images/2403270.jpg","Is the sky cloudy?","http://ugrad.cs.jhu.edu/~jgualla1/images/2368181.jpg","Does the blue sky look cloudy?","http://ugrad.cs.jhu.edu/~jgualla1/images/2410898.jpg","Does the dark sky look cloudy?","http://ugrad.cs.jhu.edu/~jgualla1/images/2413698.jpg","Does the light sky look cloudy?","http://ugrad.cs.jhu.edu/~jgualla1/images/2354301.jpg","Is the sky cloudy?","http://ugrad.cs.jhu.edu/~jgualla1/images/2371231.jpg","Is the weather cloudy?","http://ugrad.cs.jhu.edu/~jgualla1/images/2393446.jpg","The slider scale should have more labels to better identify partly and mostly cloudy.","59","93","0","96","88","60","100","63"
"3J94SKDEKIUTUBERFJBLRZ7G5WGD5U","3H6GKE28516JOQZR4JQ9E64WV051EA","Answer questions about images","You will be presented with images and yes/no questions about the images, which you will answer by sliding a bar","images, questions, language","$0.13","Tue Sep 08 07:17:49 PDT 2020","10","BatchId:4177773;OriginalHitTemplateId:928390828;","3600","259200","Tue Sep 15 07:17:49 PDT 2020","","","3UWN2HHPUZA599196B7X5YOK50INSM","A1BUBB41AO8TZ9","Submitted","Tue Sep 08 07:26:10 PDT 2020","Tue Sep 08 07:38:12 PDT 2020","Fri Sep 11 07:38:12 PDT 2020","","","","722","0% (0/0)","0% (0/0)","0% (0/0)","Does the gray sky look cloudy?","http://ugrad.cs.jhu.edu/~jgualla1/images/2357684.jpg","Is the sky cloudy?","http://ugrad.cs.jhu.edu/~jgualla1/images/2403270.jpg","Is the sky cloudy?","http://ugrad.cs.jhu.edu/~jgualla1/images/2368181.jpg","Does the blue sky look cloudy?","http://ugrad.cs.jhu.edu/~jgualla1/images/2410898.jpg","Does the dark sky look cloudy?","http://ugrad.cs.jhu.edu/~jgualla1/images/2413698.jpg","Does the light sky look cloudy?","http://ugrad.cs.jhu.edu/~jgualla1/images/2354301.jpg","Is the sky cloudy?","http://ugrad.cs.jhu.edu/~jgualla1/images/2371231.jpg","Is the weather cloudy?","http://ugrad.cs.jhu.edu/~jgualla1/images/2393446.jpg","I have no further comments","82","11","0","100","20","22","92","0"